-- Active: 1698948173781@@127.0.0.1@3306@recompensaeduca
-- Generated using dbmodeller.net
--

CREATE TABLE `region` (
	`id` int(11) NOT NULL AUTO_INCREMENT,
	`nombre` varchar(255) NOT NULL,
	PRIMARY KEY (`id`)
) COMMENT 'Tabla de region';

INSERT INTO `region` VALUES
(1,'TARAPACÁ'),
(2,'ANTOFAGASTA'),
(3,'ATACAMA'),
(4,'COQUIMBO'),
(5,'VALPARAÍSO'),
(6,'LIBERTADOR GENERAL BERNARDO O\'HIGGINS'),
(7,'MAULE'),
(8,'BIOBÍO'),
(9,'LA ARAUCANÍA'),
(10,'LOS LAGOS'),
(11,'AYSÉN DEL GENERAL CARLOS IBÁÉZ DEL CAMPO'),
(12,'MAGALLANES Y DE LA ANTÁRTICA CHILENA'),
(13,'METROPOLITANA DE SANTIAGO'),
(14,'LOS RÍOS'),
(15,'ARICA Y PARINACOTA'),
(16,'ÑUBLE');

CREATE TABLE `provincia` (
	`id` int(11) NOT NULL AUTO_INCREMENT,
	`nombre` varchar(255) NOT NULL,
	`region_id` int(11) NOT NULL,
	PRIMARY KEY (`id`),
	KEY `provincia_fk0` (`region_id`),
  	CONSTRAINT `provincia_fk0` FOREIGN KEY (`region_id`) REFERENCES `region` (`id`) ON UPDATE CASCADE
) COMMENT 'Tabla de provincia';

INSERT INTO `provincia` VALUES
(11,'IQUIQUE',1),
(14,'TAMARUGAL',1),
(21,'ANTOFAGASTA',2),
(22,'EL LOA',2),
(23,'TOCOPILLA',2),
(31,'COPIAPÓ',3),
(32,'CHAÑARAL',3),
(33,'HUASCO',3),
(41,'ELQUI',4),
(42,'CHOAPA',4),
(43,'LIMARÍ',4),
(51,'VALPARAÍSO',5),
(52,'ISLA DE PASCUA',5),
(53,'LOS ANDES',5),
(54,'PETORCA',5),
(55,'QUILLOTA',5),
(56,'SAN ANTONIO',5),
(57,'SAN FELIPE DE ACONCAGUA',5),
(58,'MARGA MARGA',5),
(61,'CACHAPOAL',6),
(62,'CARDENAL CARO',6),
(63,'COLCHAGUA',6),
(71,'TALCA',7),
(72,'CAUQUENES',7),
(73,'CURICÓ',7),
(74,'LINARES',7),
(81,'CONCEPCIÓN',8),
(82,'ARAUCO',8),
(83,'BIOBÍO',8),
(91,'CAUTÍN',9),
(92,'MALLECO',9),
(101,'LLANQUIHUE',10),
(102,'CHILOÉ',10),
(103,'OSORNO',10),
(104,'PALENA',10),
(111,'COIHAIQUE',11),
(112,'AISÉN',11),
(113,'CAPITÁN PRAT',11),
(114,'GENERAL CARRERA',11),
(121,'MAGALLANES',12),
(122,'ANTÁRTICA CHILENA',12),
(123,'TIERRA EL FUEGO',12),
(124,'ÚLTIMA ESPERANZA',12),
(131,'SANTIAGO',13),
(132,'CORDILLERA',13),
(133,'CHACABUCO',13),
(134,'MAIPO',13),
(135,'MELIPILLA',13),
(136,'TALAGANTE',13),
(141,'VALDIVIA',14),
(142,'RANCO',14),
(151,'ARICA',15),
(152,'PARINACOTA',15),
(161,'DIGUILLÍN',16),
(162,'ITATA',16),
(163,'PUNILLA',16);

CREATE TABLE `comuna` (
	`id` int(11) NOT NULL AUTO_INCREMENT,
	`nombre` varchar(255) NOT NULL,
	`provincia_id` int(11) NOT NULL,
	PRIMARY KEY (`id`),
	KEY `comuna_fk0` (`provincia_id`),
	CONSTRAINT `comuna_fk0` FOREIGN KEY (`provincia_id`) REFERENCES `provincia`(`id`) ON UPDATE CASCADE
) COMMENT 'Tabla de comuna';

INSERT INTO `comuna` VALUES
(1101,'IQUIQUE',11),
(1107,'ALTO HOSPICIO',11),
(1401,'POZO ALMONTE',14),
(1402,'CAMIÑA',14),
(1403,'COLCHANE',14),
(1404,'HUARA',14),
(1405,'PICA',14),
(2101,'ANTOFAGASTA',21),
(2102,'MEJILLONES',21),
(2103,'SIERRA GORDA',21),
(2104,'TALTAL',21),
(2201,'CALAMA',22),
(2202,'OLLANGÜE',22),
(2203,'SAN PEDRO DE ATACAMA',22),
(2301,'TOCOPILLA',23),
(2302,'MARÍA ELENA',23),
(3101,'COPIAPÓ',31),
(3102,'CALDERA',31),
(3103,'TIERRA AMARILLA',31),
(3201,'CHAÑARAL',32),
(3202,'DIEGO DE ALMAGRO',32),
(3301,'VALLENAR',33),
(3302,'ALTO DEL CARMEN',33),
(3303,'FREIRINA',33),
(3304,'HUASCO',33),
(4101,'LA SERENA',41),
(4102,'COQUIMBO',41),
(4103,'ANDACOLLO',41),
(4104,'LA HIGUERA',41),
(4105,'PAIGUANO',41),
(4106,'VICUÑA',41),
(4201,'ILLAPEL',42),
(4202,'CANELA',42),
(4203,'LOS VILOS',42),
(4204,'SALAMANCA',42),
(4301,'OVALLE',43),
(4302,'COMBARBALÁ',43),
(4303,'MONTE PATRIA',43),
(4304,'PUNITAQUI',43),
(4305,'RÍO HURTADO',43),
(5101,'VALPARAÍSO',51),
(5102,'CASABLANCA',51),
(5103,'CONCÓN',51),
(5104,'JUAN FERNÁNDEZ',51),
(5105,'PUCHUNCAVÍ',51),
(5107,'QUINTERO',51),
(5109,'VIÑA DEL MAR',51),
(5201,'ISLA DE PASCUA',52),
(5301,'LOS ANDES',53),
(5302,'CALLE LARGA',53),
(5303,'RINCONADA',53),
(5304,'SAN ESTEBAN',53),
(5401,'LA LIGUA',54),
(5402,'CABILDO',54),
(5403,'PAPUDO',54),
(5404,'PETORCA',54),
(5405,'ZAPALLAR',54),
(5501,'QUILLOTA',55),
(5502,'CALERA',55),
(5503,'HIJUELAS',55),
(5504,'LA CRUZ',55),
(5506,'NOGALES',55),
(5601,'SAN ANTONIO',56),
(5602,'ALGARROBO',56),
(5603,'CARTAGENA',56),
(5604,'EL QUISCO',56),
(5605,'EL TABO',56),
(5606,'SANTO DOMINGO',56),
(5701,'SAN FELIPE',57),
(5702,'CATEMU',57),
(5703,'LLAILLAY',57),
(5704,'PANQUEHUE',57),
(5705,'PUTAENDO',57),
(5706,'SANTA MARÍA',57),
(5801,'QUILPUÉ',58),
(5802,'LIMACHE',58),
(5803,'OLMUÉ',58),
(5804,'VILLA ALEMANA',58),
(6101,'RANCAGUA',61),
(6102,'CODEGUA',61),
(6103,'COINCO',61),
(6104,'COLTAUCO',61),
(6105,'DOÑIHUE',61),
(6106,'GRANEROS',61),
(6107,'LAS CABRAS',61),
(6108,'MACHALÍ',61),
(6109,'MALLOA',61),
(6110,'MOSTAZAL',61),
(6111,'OLIVAR',61),
(6112,'PEUMO',61),
(6113,'PICHIDEGUA',61),
(6114,'QUINTA DE TILCOCO',61),
(6115,'RENGO',61),
(6116,'REQUÍNOA',61),
(6117,'SAN VICENTE',61),
(6201,'PICHILEMU',62),
(6202,'LA ESTRELLA',62),
(6203,'LITUECHE',62),
(6204,'MARCHIHUE',62),
(6205,'NAVIDAD',62),
(6206,'PAREDONES',62),
(6301,'SAN FERNANDO',63),
(6302,'CHÉPICA',63),
(6303,'CHIMBARONGO',63),
(6304,'LOLOL',63),
(6305,'NANCAGUA',63),
(6306,'PALMILLA',63),
(6307,'PERALILLO',63),
(6308,'PLACILLA',63),
(6309,'PUMANQUE',63),
(6310,'SANTA CRUZ',63),
(7101,'TALCA',71),
(7102,'CONSTITUCIÓN',71),
(7103,'CUREPTO',71),
(7104,'EMPEDRADO',71),
(7105,'MAULE',71),
(7106,'PELARCO',71),
(7107,'PENCAHUE',71),
(7108,'RÍO CLARO',71),
(7109,'SAN CLEMENTE',71),
(7110,'SAN RAFAEL',71),
(7201,'CAUQUENES',72),
(7202,'CHANCO',72),
(7203,'PELLUHUE',72),
(7301,'CURICÓ',73),
(7302,'HUALAÑÉ',73),
(7303,'LICANTÉN',73),
(7304,'MOLINA',73),
(7305,'RAUCO',73),
(7306,'ROMERAL',73),
(7307,'SAGRADA FAMILIA',73),
(7308,'TENO',73),
(7309,'VICHUQUÉN',73),
(7401,'LINARES',74),
(7402,'COLBÚN',74),
(7403,'LONGAVÍ',74),
(7404,'PARRAL',74),
(7405,'RETIRO',74),
(7406,'SAN JAVIER',74),
(7407,'VILLA ALEGRE',74),
(7408,'YERBAS BUENAS',74),
(8101,'CONCEPCIÓN',81),
(8102,'CORONEL',81),
(8103,'CHIGUAYANTE',81),
(8104,'FLORIDA',81),
(8105,'HUALQUI',81),
(8106,'LOTA',81),
(8107,'PENCO',81),
(8108,'SAN PEDRO DE LA PAZ',81),
(8109,'SANTA JUANA',81),
(8110,'TALCAHUANO',81),
(8111,'TOMÉ',81),
(8112,'HUALPÉN',81),
(8201,'LEBU',82),
(8202,'ARAUCO',82),
(8203,'CAÑETE',82),
(8204,'CONTULMO',82),
(8205,'CURANILAHUE',82),
(8206,'LOS ALAMOS',82),
(8207,'TIRÚA',82),
(8301,'LOS ANGELES',83),
(8302,'ANTUCO',83),
(8303,'CABRERO',83),
(8304,'LAJA',83),
(8305,'MULCHÉN',83),
(8306,'NACIMIENTO',83),
(8307,'NEGRETE',83),
(8308,'QUILACO',83),
(8309,'QUILLECO',83),
(8310,'SAN ROSENDO',83),
(8311,'SANTA BÁRBARA',83),
(8312,'TUCAPEL',83),
(8313,'YUMBEL',83),
(8314,'ALTO BIOBÍO',83),
(9101,'TEMUCO',91),
(9102,'CARAHUE',91),
(9103,'CUNCO',91),
(9104,'CURARREHUE',91),
(9105,'FREIRE',91),
(9106,'GALVARINO',91),
(9107,'GORBEA',91),
(9108,'LAUTARO',91),
(9109,'LONCOCHE',91),
(9110,'MELIPEUCO',91),
(9111,'NUEVA IMPERIAL',91),
(9112,'PADRE LAS CASAS',91),
(9113,'PERQUENCO',91),
(9114,'PITRUFQUÉN',91),
(9115,'PUCÓN',91),
(9116,'SAAVEDRA',91),
(9117,'TEODORO SCHMIDT',91),
(9118,'TOLTÉN',91),
(9119,'VILCÚN',91),
(9120,'VILLARRICA',91),
(9121,'CHOLCHOL',91),
(9201,'ANGOL',92),
(9202,'COLLIPULLI',92),
(9203,'CURACAUTÍN',92),
(9204,'ERCILLA',92),
(9205,'LONQUIMAY',92),
(9206,'LOS SAUCES',92),
(9207,'LUMACO',92),
(9208,'PURÉN',92),
(9209,'RENAICO',92),
(9210,'TRAIGUÉN',92),
(9211,'VICTORIA',92),
(10101,'PUERTO MONTT',101),
(10102,'CALBUCO',101),
(10103,'COCHAMÓ',101),
(10104,'FRESIA',101),
(10105,'FRUTILLAR',101),
(10106,'LOS MUERMOS',101),
(10107,'LLANQUIHUE',101),
(10108,'MAULLÍN',101),
(10109,'PUERTO VARAS',101),
(10201,'CASTRO',102),
(10202,'ANCUD',102),
(10203,'CONCHI',102),
(10204,'CURACO DE VÉLEZ',102),
(10205,'DALCAHUE',102),
(10206,'PUQUELDÓN',102),
(10207,'QUEILÉN',102),
(10208,'QUELLÓN',102),
(10209,'QUEMCHI',102),
(10210,'QUINCHAO',102),
(10301,'OSORNO',103),
(10302,'PUERTO OCTAY',103),
(10303,'PURRANQUE',103),
(10304,'PUYEHUE',103),
(10305,'RÍO NEGRO',103),
(10306,'SAN JUAN DE LA COSTA',103),
(10307,'SAN PABLO',103),
(10401,'CHAITÉN',104),
(10402,'FUTALEUFÚ',104),
(10403,'HUALAIHUÉ',104),
(10404,'PALENA',104),
(11101,'COIHAIQUE',111),
(11102,'LAGO VERDE',111),
(11201,'AISÉN',112),
(11202,'CISNES',112),
(11203,'GUAITECAS',112),
(11301,'COCHRANE',113),
(11302,'O\'HIGGINS',113),
(11303,'TORTEL',113),
(11401,'CHILE CHICO',114),
(11402,'RÍO IBÁÑEZ',114),
(12101,'PUNTA ARENAS',121),
(12102,'LAGUNA BLANCA',121),
(12103,'RÍO VERDE',121),
(12104,'SAN GREGORIO',121),
(12201,'CABO DE HORNOS',122),
(12202,'ANTÁRTICA',122),
(12301,'PORVENIR',123),
(12302,'PRIMAVERA',123),
(12303,'TIMAUKEL',123),
(12401,'NATALES',124),
(12402,'TORRES DEL PAINE',124),
(13101,'SANTIAGO',131),
(13102,'CERRILLOS',131),
(13103,'CERRO NAVIA',131),
(13104,'CONCHALÍ',131),
(13105,'EL BOSQUE',131),
(13106,'ESTACIÓN CENTRAL',131),
(13107,'HUECHURABA',131),
(13108,'INDEPENDENCIA',131),
(13109,'LA CISTERNA',131),
(13110,'LA FLORIDA',131),
(13111,'LA GRANJA',131),
(13112,'LA PINTANA',131),
(13113,'LA REINA',131),
(13114,'LAS CONDES',131),
(13115,'LO BARNECHEA',131),
(13116,'LO ESPEJO',131),
(13117,'LO PRADO',131),
(13118,'MACUL',131),
(13119,'MAIPÚ',131),
(13120,'ÑUÑOA',131),
(13121,'PEDRO AGUIRRE CERDA',131),
(13122,'PEÑALOLÉN',131),
(13123,'PROVIDENCIA',131),
(13124,'PUDAHUEL',131),
(13125,'QUILICURA',131),
(13126,'QUINTA NOMAL',131),
(13127,'RECOLETA',131),
(13128,'RENCA',131),
(13129,'SAN JOAQUÍN',131),
(13130,'SAN MIGUEL',131),
(13131,'SAN RAMÓN',131),
(13132,'VITACURA',131),
(13201,'PUENTE ALTO',132),
(13202,'PIRQUE',132),
(13203,'SAN JOSÉ DE MAIPO',132),
(13301,'COLINA',133),
(13302,'LAMPA',133),
(13303,'TILTIL',133),
(13401,'SAN BERNARDO',134),
(13402,'BUIN',134),
(13403,'CALERA DE TANGO',134),
(13404,'PAINE',134),
(13501,'MELIPILLA',135),
(13502,'ALHUÉ',135),
(13503,'CURACAVÍ',135),
(13504,'MARÍA PINTO',135),
(13505,'SAN PEDRO',135),
(13601,'TALAGANTE',136),
(13602,'EL MONTE',136),
(13603,'ISLA DE MAIPO',136),
(13604,'PADRE HURTADO',136),
(13605,'PEÑAFLOR',136),
(14101,'VALDIVIA',141),
(14102,'CORRAL',141),
(14103,'LANCO',141),
(14104,'LOS LAGOS',141),
(14105,'MÁFIL',141),
(14106,'MARIQUINA',141),
(14107,'PAILLACO',141),
(14108,'PANGUIPULLI',141),
(14201,'LA UNIÓN',142),
(14202,'FUTRONO',142),
(14203,'LAGO RANCO',142),
(14204,'RÍO BUENO',142),
(15101,'ARICA',151),
(15102,'CAMARONES',151),
(15201,'PUTRE',152),
(15202,'GENERAL LAGOS',152),
(16101,'CHILLÁN',161),
(16102,'BULNES',161),
(16103,'CHILLÁN VIEJO',161),
(16104,'EL CARMEN',161),
(16105,'PEMUCO',161),
(16106,'PINTO',161),
(16107,'QUILLÓN',161),
(16108,'SAN IGNACIO',161),
(16109,'YUNGAY',161),
(16201,'QUIRIHUE',162),
(16202,'COBQUECURA',162),
(16203,'COELEMU',162),
(16204,'NINHUE',162),
(16205,'PORTEZUELO',162),
(16206,'RANQUIL',162),
(16207,'TREGUACO',162),
(16301,'SAN CARLOS',163),
(16302,'COIHUECO',163),
(16303,'ÑIQUÉN',163),
(16304,'SAN FABIÁN',163),
(16305,'SAN NICOLAS',163);

CREATE TABLE `colegio` (
	`id` int(11) NOT NULL AUTO_INCREMENT,
	`nombre` varchar(255) NOT NULL,
	`direccion` varchar(255),
	`comuna_id` int(11) NOT NULL,
	`activo` int(11) DEFAULT 1,
	`creado_en` timestamp,
	`actualizado_en` timestamp,
	PRIMARY KEY (`id`),
	KEY `colegio_fk0` (`comuna_id`),
	CONSTRAINT `colegio_fk0` FOREIGN KEY (`comuna_id`) REFERENCES `comuna`(`id`) ON UPDATE CASCADE
) COMMENT 'Tabla de colegio';

INSERT INTO `colegio` VALUES
(1,'Domingo Savio','Bolivia 1574',13131,1,'2023-12-29 03:00:00','2023-12-29 03:00:00');

CREATE TABLE `curso` (
	`id` int(11) NOT NULL AUTO_INCREMENT,
	`tipo_ensenanza` int(11) NOT NULL,
	`grado` int(11) NOT NULL,
	`letra` varchar(1) NOT NULL,
	`nombre_curso` varchar(30) NOT NULL,
	`colegio_id` int(11) NOT NULL,
	`activo` int(11) DEFAULT 1,
	`creado_en` timestamp,
	`actualizado_en` timestamp,
	PRIMARY KEY (`id`),
	KEY `curso_fk0` (`colegio_id`),
	CONSTRAINT `curso_fk0` FOREIGN KEY (`colegio_id`) REFERENCES `colegio`(`id`) ON UPDATE CASCADE
) COMMENT 'Tabla de curso de colegio';

CREATE TABLE `perfil` (
	`id` int(11) NOT NULL AUTO_INCREMENT,
	`nombre` varchar(30) NOT NULL,
	`lista_acceso` longtext NOT NULL,
	`actualizado_en` timestamp,
	`creado_en` timestamp,
	PRIMARY KEY (`id`)
) COMMENT 'Tabla de perfiles de usuarios';

INSERT INTO `perfil` VALUES (1,'administrador','[\n  {\n    \"personal\":\"Personal\",\n  	\"estudiante\": \"Estudiante\",\n  	\"recompensa\": \"Recompensa\",\n 	\"canjearrecompensa/pendiente\": \"Activar Recompensa\",\n  	\"autorizacionpuntos\": \"Autorización Puntaje\",\n    \"curso\": \"Curso\",\n  }\n]','2024-01-10 02:48:44','2023-12-29 06:00:00'),
(2,'docente','[\n  {\n    \"solicitarpuntos\": \"Solicitar Puntos\",\n    \"autorizacionpuntos\": \"Autorización Puntaje\",\n  	\"recompensa\": \"Recompensa\",\n  }\n]','2024-01-10 01:03:43','2023-12-29 06:00:00'),
(3,'estudiante','[\n  {\n    \"recompensa\": \"Recompensa\",\n    \"misrecompensas\": \"Mis Recompensas\",\n  } \n]','2024-01-08 15:57:01','2023-12-29 06:00:00');

CREATE TABLE `estudiante` (
	`id` int(11) NOT NULL AUTO_INCREMENT,
	`rut` varchar(12) NOT NULL,
	`nombre` varchar(255) NOT NULL,
	`apellido_paterno` varchar(255) NOT NULL,
	`apellido_materno` varchar(255),
	`direccion` varchar(255),
	`comuna_id` int(11),
	`perfil_id` int(11) NOT NULL,
	`nombre_usuario` varchar(255) NOT NULL,
	`contrasena` varchar(512) NOT NULL,
	`curso_id` int(11) NOT NULL,
	`puntaje` int(11) DEFAULT 0,
	`activo` int(11) DEFAULT 1,
	`creado_en` timestamp,
	`actualizado_en` timestamp,
	PRIMARY KEY (`id`),
	KEY `estudiante_fk0` (`curso_id`),
	CONSTRAINT `estudiante_fk0` FOREIGN KEY (`curso_id`) REFERENCES `curso`(`id`) ON UPDATE CASCADE
) COMMENT 'Tabla de usuario estudiante';

CREATE TABLE `personal` (
	`id` int(11) NOT NULL AUTO_INCREMENT,
	`rut` varchar(12) NOT NULL,
	`nombre` varchar(255) NOT NULL,
	`apellido_paterno` varchar(255) NOT NULL,
	`apellido_materno` varchar(255) NOT NULL,
	`nombre_usuario` varchar(255) NOT NULL,
	`contrasena` varchar(512) NOT NULL,
	`perfil_id` int(11) NOT NULL,
	`colegio_id` int(11) NOT NULL,
	`puntaje` int(11) DEFAULT 0,
	`activo` int(11) DEFAULT 1,
	`creado_en` timestamp,
	`actualizado_en` timestamp,
	PRIMARY KEY (`id`),
	KEY `personal_fk0` (`colegio_id`),
	CONSTRAINT `personal_fk0` FOREIGN KEY (`colegio_id`) REFERENCES `colegio`(`id`) ON UPDATE CASCADE
) COMMENT 'Tabla de usuario personal, docente o administrador';

INSERT INTO `personal` VALUES
(1,'16115373-7','Joel','Chavez','Calfuman','jchavez','$2a$10$tjMaG4/rTgXlYqjOMtXSjeB8/Q9an4mg98JQ6apNi//LowY6q5fza',1,1,0,1,'2024-01-05 20:39:55','2024-01-05 21:03:03');

CREATE TABLE `recompensa` (
	`id` int(11) NOT NULL AUTO_INCREMENT,
	`nombre` varchar(255) NOT NULL,
	`descripcion` longtext NOT NULL,
	`puntaje` int(11) NOT NULL,
	`activo` int(11) DEFAULT 1,
	`creado_en` timestamp,
	`actualizado_en` timestamp,
	PRIMARY KEY (`id`)
) COMMENT 'Tabla de recompensa con su descripción';

INSERT INTO `recompensa` VALUES
(1,'Recreo musical','Estudiante puede pedir musica en el recreo',10000,1,'2024-01-07 02:24:57','2024-01-07 02:24:57'),
(2,'Jeans Day','Estudiante puede ir al colegio con ropa casual o jeans',10000,1,'2024-01-07 02:26:16','2024-01-07 02:26:16'),
(3,'Pase a copmutación','Pase para computación',5000,1,'2024-01-07 02:28:28','2024-01-07 02:28:28');

CREATE TABLE `concepto` (
	`id` int(11) NOT NULL AUTO_INCREMENT,
	`nombre` varchar(255) NOT NULL,
	PRIMARY KEY (`id`)
) COMMENT 'Tabla de concepto para etiquetar la solicitud';

INSERT INTO `concepto` VALUES
(1,"Respeto"),
(2,"Inclusión"),
(3,"Resolución dialogada y pacífica de conflictos"),
(4,"Participación democrática y colaborativa"),
(5,"Participación en clases");

CREATE TABLE `puntaje_transacciones` (
	`id` int(11) NOT NULL AUTO_INCREMENT,
	`personal_id` int(11) NOT NULL,
	`estudiante_id` int(11) NOT NULL,
	`puntaje_traspaso` int(11) NOT NULL,
	`validado` int(11) DEFAULT 0,
	`detalle` varchar(512) NOT NULL,
	`concepto_id` int(11) NOT NULL,
	`creado_en` timestamp,
	`actualizado_en` timestamp,
	PRIMARY KEY (`id`),
	KEY `puntaje_transacciones_fk0` (`personal_id`),
	CONSTRAINT `puntaje_transacciones_fk0` FOREIGN KEY (`personal_id`) REFERENCES `personal`(`id`) ON UPDATE CASCADE
) COMMENT 'Tabla de transacciones que se realizan con las solicitudes y estas pueden validarse o no';

CREATE TABLE `canjear_recompensa` (
	`id` int(11) NOT NULL AUTO_INCREMENT,
	`estudiante_id` int(11) NOT NULL,
	`recompensa_id` int(11) NOT NULL,
	`canjeado` int(11) NOT NULL,
	`creado_en` timestamp,
	`actualizado_en` timestamp,
	PRIMARY KEY (`id`),
	KEY `canjear_recompensa_fk0` (`recompensa_id`),
  	CONSTRAINT `canjear_recompensa_fk0` FOREIGN KEY (`recompensa_id`) REFERENCES `recompensa`(`id`) ON UPDATE CASCADE
) COMMENT 'Tabla de registro para canjear las recompensas por parte del usuario estudiante';